image,label
ThaiDataset\ก01\01-001.jpg,ก
ThaiDataset\ก01\01-002.jpg,ก
ThaiDataset\ก01\01-003.jpg,ก
ThaiDataset\ก01\01-004.jpg,ก
ThaiDataset\ก01\01-005.jpg,ก
ThaiDataset\ก01\01-006.jpg,ก
ThaiDataset\ก01\01-007.jpg,ก
ThaiDataset\ก01\01-008.jpg,ก
ThaiDataset\ก01\01-009.jpg,ก
ThaiDataset\ก01\01-010.jpg,ก
ThaiDataset\ก01\01-011.jpg,ก
ThaiDataset\ก01\01-012.jpg,ก
ThaiDataset\ก01\01-013.jpg,ก
ThaiDataset\ก01\01-014.jpg,ก
ThaiDataset\ก01\01-015.jpg,ก
ThaiDataset\ก01\01-018.jpg,ก
ThaiDataset\ก01\01-019.jpg,ก
ThaiDataset\ก01\01-020.jpg,ก
ThaiDataset\ก01\01-021.jpg,ก
ThaiDataset\ก01\01-022.jpg,ก
ThaiDataset\ก01\01-023.jpg,ก
ThaiDataset\ก01\01-024.jpg,ก
ThaiDataset\ก01\01-025.jpg,ก
ThaiDataset\ก01\01-026.jpg,ก
ThaiDataset\ก01\01-027.jpg,ก
ThaiDataset\ข02\02-001.jpg,ข
ThaiDataset\ข02\02-004.jpg,ข
ThaiDataset\ข02\02-007.jpg,ข
ThaiDataset\ข02\02-008.jpg,ข
ThaiDataset\ข02\02-010.jpg,ข
ThaiDataset\ข02\02-011.jpg,ข
ThaiDataset\ข02\02-013.jpg,ข
ThaiDataset\ข02\02-014.jpg,ข
ThaiDataset\ข02\02-015.jpg,ข
ThaiDataset\ข02\02-018.jpg,ข
ThaiDataset\ข02\02-021.jpg,ข
ThaiDataset\ข02\02-022.jpg,ข
ThaiDataset\ข02\02-025.jpg,ข
ThaiDataset\ข02\02-026.jpg,ข
ThaiDataset\ข02\02-027.jpg,ข
ThaiDataset\ฃ03\03-001.jpg,ฃ
ThaiDataset\ฃ03\03-003.jpg,ฃ
ThaiDataset\ฃ03\03-004.jpg,ฃ
ThaiDataset\ฃ03\03-005.jpg,ฃ
ThaiDataset\ฃ03\03-007.jpg,ฃ
ThaiDataset\ฃ03\03-011.jpg,ฃ
ThaiDataset\ฃ03\03-012.jpg,ฃ
ThaiDataset\ฃ03\03-013.jpg,ฃ
ThaiDataset\ฃ03\03-014.jpg,ฃ
ThaiDataset\ฃ03\03-015.jpg,ฃ
ThaiDataset\ฃ03\03-018.jpg,ฃ
ThaiDataset\ฃ03\03-022.jpg,ฃ
ThaiDataset\ฃ03\03-024.jpg,ฃ
ThaiDataset\ฃ03\03-025.jpg,ฃ
ThaiDataset\ค04\04-004.jpg,ค
ThaiDataset\ค04\04-007.jpg,ค
ThaiDataset\ค04\04-010.jpg,ค
ThaiDataset\ค04\04-011.jpg,ค
ThaiDataset\ค04\04-013.jpg,ค
ThaiDataset\ค04\04-014.jpg,ค
ThaiDataset\ค04\04-015.jpg,ค
ThaiDataset\ค04\04-016.jpg,ค
ThaiDataset\ค04\04-017.jpg,ค
ThaiDataset\ค04\04-020.jpg,ค
ThaiDataset\ค04\04-024.jpg,ค
ThaiDataset\ค04\04-025.jpg,ค
ThaiDataset\ค04\04-026.jpg,ค
ThaiDataset\ฅ05\05-001.jpg,ฅ
ThaiDataset\ฅ05\05-003.jpg,ฅ
ThaiDataset\ฅ05\05-005.jpg,ฅ
ThaiDataset\ฅ05\05-007.jpg,ฅ
ThaiDataset\ฅ05\05-010.jpg,ฅ
ThaiDataset\ฅ05\05-013.jpg,ฅ
ThaiDataset\ฅ05\05-014.jpg,ฅ
ThaiDataset\ฅ05\05-015.jpg,ฅ
ThaiDataset\ฅ05\05-021.jpg,ฅ
ThaiDataset\ฅ05\05-023.jpg,ฅ
ThaiDataset\ฅ05\05-024.jpg,ฅ
ThaiDataset\ฅ05\05-026.jpg,ฅ
ThaiDataset\ฆ06\06-001.jpg,ฆ
ThaiDataset\ฆ06\06-004.jpg,ฆ
ThaiDataset\ฆ06\06-005.jpg,ฆ
ThaiDataset\ฆ06\06-006.jpg,ฆ
ThaiDataset\ฆ06\06-007.jpg,ฆ
ThaiDataset\ฆ06\06-010.jpg,ฆ
ThaiDataset\ฆ06\06-011.jpg,ฆ
ThaiDataset\ฆ06\06-012.jpg,ฆ
ThaiDataset\ฆ06\06-013.jpg,ฆ
ThaiDataset\ฆ06\06-014.jpg,ฆ
ThaiDataset\ฆ06\06-015.jpg,ฆ
ThaiDataset\ฆ06\06-021.jpg,ฆ
ThaiDataset\ฆ06\06-024.jpg,ฆ
ThaiDataset\ฆ06\06-026.jpg,ฆ
ThaiDataset\ฆ06\06-027.jpg,ฆ
ThaiDataset\ง07\07-001.jpg,ง
ThaiDataset\ง07\07-002.jpg,ง
ThaiDataset\ง07\07-003.jpg,ง
ThaiDataset\ง07\07-004.jpg,ง
ThaiDataset\ง07\07-005.jpg,ง
ThaiDataset\ง07\07-006.jpg,ง
ThaiDataset\ง07\07-007.jpg,ง
ThaiDataset\ง07\07-008.jpg,ง
ThaiDataset\ง07\07-009.jpg,ง
ThaiDataset\ง07\07-010.jpg,ง
ThaiDataset\ง07\07-011.jpg,ง
ThaiDataset\ง07\07-012.jpg,ง
ThaiDataset\ง07\07-013.jpg,ง
ThaiDataset\ง07\07-014.jpg,ง
ThaiDataset\ง07\07-015.jpg,ง
ThaiDataset\ง07\07-018.jpg,ง
ThaiDataset\ง07\07-019.jpg,ง
ThaiDataset\ง07\07-020.jpg,ง
ThaiDataset\ง07\07-021.jpg,ง
ThaiDataset\ง07\07-022.jpg,ง
ThaiDataset\ง07\07-023.jpg,ง
ThaiDataset\ง07\07-024.jpg,ง
ThaiDataset\ง07\07-025.jpg,ง
ThaiDataset\ง07\07-026.jpg,ง
ThaiDataset\ง07\07-027.jpg,ง
ThaiDataset\จ08\08-001.jpg,จ
ThaiDataset\จ08\08-002.jpg,จ
ThaiDataset\จ08\08-003.jpg,จ
ThaiDataset\จ08\08-004.jpg,จ
ThaiDataset\จ08\08-005.jpg,จ
ThaiDataset\จ08\08-006.jpg,จ
ThaiDataset\จ08\08-007.jpg,จ
ThaiDataset\จ08\08-008.jpg,จ
ThaiDataset\จ08\08-009.jpg,จ
ThaiDataset\จ08\08-010.jpg,จ
ThaiDataset\จ08\08-011.jpg,จ
ThaiDataset\จ08\08-012.jpg,จ
ThaiDataset\จ08\08-013.jpg,จ
ThaiDataset\จ08\08-014.jpg,จ
ThaiDataset\จ08\08-015.jpg,จ
ThaiDataset\จ08\08-016.jpg,จ
ThaiDataset\จ08\08-018.jpg,จ
ThaiDataset\จ08\08-019.jpg,จ
ThaiDataset\จ08\08-020.jpg,จ
ThaiDataset\จ08\08-021.jpg,จ
ThaiDataset\จ08\08-022.jpg,จ
ThaiDataset\จ08\08-023.jpg,จ
ThaiDataset\จ08\08-024.jpg,จ
ThaiDataset\จ08\08-025.jpg,จ
ThaiDataset\จ08\08-026.jpg,จ
ThaiDataset\จ08\08-027.jpg,จ
ThaiDataset\ฉ09\09-001.jpg,ฉ
ThaiDataset\ฉ09\09-002.jpg,ฉ
ThaiDataset\ฉ09\09-003.jpg,ฉ
ThaiDataset\ฉ09\09-004.jpg,ฉ
ThaiDataset\ฉ09\09-005.jpg,ฉ
ThaiDataset\ฉ09\09-006.jpg,ฉ
ThaiDataset\ฉ09\09-007.jpg,ฉ
ThaiDataset\ฉ09\09-008.jpg,ฉ
ThaiDataset\ฉ09\09-009.jpg,ฉ
ThaiDataset\ฉ09\09-010.jpg,ฉ
ThaiDataset\ฉ09\09-011.jpg,ฉ
ThaiDataset\ฉ09\09-012.jpg,ฉ
ThaiDataset\ฉ09\09-013.jpg,ฉ
ThaiDataset\ฉ09\09-014.jpg,ฉ
ThaiDataset\ฉ09\09-015.jpg,ฉ
ThaiDataset\ฉ09\09-018.jpg,ฉ
ThaiDataset\ฉ09\09-019.jpg,ฉ
ThaiDataset\ฉ09\09-020.jpg,ฉ
ThaiDataset\ฉ09\09-021.jpg,ฉ
ThaiDataset\ฉ09\09-022.jpg,ฉ
ThaiDataset\ฉ09\09-023.jpg,ฉ
ThaiDataset\ฉ09\09-024.jpg,ฉ
ThaiDataset\ฉ09\09-025.jpg,ฉ
ThaiDataset\ฉ09\09-026.jpg,ฉ
ThaiDataset\ฉ09\09-027.jpg,ฉ
ThaiDataset\ช10\10-001.jpg,ช
ThaiDataset\ช10\10-002.jpg,ช
ThaiDataset\ช10\10-003.jpg,ช
ThaiDataset\ช10\10-004.jpg,ช
ThaiDataset\ช10\10-005.jpg,ช
ThaiDataset\ช10\10-006.jpg,ช
ThaiDataset\ช10\10-007.jpg,ช
ThaiDataset\ช10\10-008.jpg,ช
ThaiDataset\ช10\10-009.jpg,ช
ThaiDataset\ช10\10-010.jpg,ช
ThaiDataset\ช10\10-011.jpg,ช
ThaiDataset\ช10\10-012.jpg,ช
ThaiDataset\ช10\10-013.jpg,ช
ThaiDataset\ช10\10-014.jpg,ช
ThaiDataset\ช10\10-015.jpg,ช
ThaiDataset\ช10\10-018.jpg,ช
ThaiDataset\ช10\10-019.jpg,ช
ThaiDataset\ช10\10-020.jpg,ช
ThaiDataset\ช10\10-021.jpg,ช
ThaiDataset\ช10\10-022.jpg,ช
ThaiDataset\ช10\10-023.jpg,ช
ThaiDataset\ช10\10-024.jpg,ช
ThaiDataset\ช10\10-025.jpg,ช
ThaiDataset\ช10\10-026.jpg,ช
ThaiDataset\ช10\10-027.jpg,ช
ThaiDataset\ซ11\11-001.jpg,ซ
ThaiDataset\ซ11\11-002.jpg,ซ
ThaiDataset\ซ11\11-003.jpg,ซ
ThaiDataset\ซ11\11-004.jpg,ซ
ThaiDataset\ซ11\11-005.jpg,ซ
ThaiDataset\ซ11\11-006.jpg,ซ
ThaiDataset\ซ11\11-007.jpg,ซ
ThaiDataset\ซ11\11-008.jpg,ซ
ThaiDataset\ซ11\11-009.jpg,ซ
ThaiDataset\ซ11\11-010.jpg,ซ
ThaiDataset\ซ11\11-011.jpg,ซ
ThaiDataset\ซ11\11-012.jpg,ซ
ThaiDataset\ซ11\11-013.jpg,ซ
ThaiDataset\ซ11\11-014.jpg,ซ
ThaiDataset\ซ11\11-015.jpg,ซ
ThaiDataset\ซ11\11-017.jpg,ซ
ThaiDataset\ซ11\11-018.jpg,ซ
ThaiDataset\ซ11\11-019.jpg,ซ
ThaiDataset\ซ11\11-021.jpg,ซ
ThaiDataset\ซ11\11-022.jpg,ซ
ThaiDataset\ซ11\11-023.jpg,ซ
ThaiDataset\ซ11\11-024.jpg,ซ
ThaiDataset\ซ11\11-025.jpg,ซ
ThaiDataset\ซ11\11-026.jpg,ซ
ThaiDataset\ซ11\11-027.jpg,ซ
ThaiDataset\ฌ12\12-001.jpg,ฌ
ThaiDataset\ฌ12\12-002.jpg,ฌ
ThaiDataset\ฌ12\12-003.jpg,ฌ
ThaiDataset\ฌ12\12-004.jpg,ฌ
ThaiDataset\ฌ12\12-005.jpg,ฌ
ThaiDataset\ฌ12\12-007.jpg,ฌ
ThaiDataset\ฌ12\12-008.jpg,ฌ
ThaiDataset\ฌ12\12-009.jpg,ฌ
ThaiDataset\ฌ12\12-010.jpg,ฌ
ThaiDataset\ฌ12\12-011.jpg,ฌ
ThaiDataset\ฌ12\12-012.jpg,ฌ
ThaiDataset\ฌ12\12-013.jpg,ฌ
ThaiDataset\ฌ12\12-014.jpg,ฌ
ThaiDataset\ฌ12\12-015.jpg,ฌ
ThaiDataset\ฌ12\12-018.jpg,ฌ
ThaiDataset\ฌ12\12-019.jpg,ฌ
ThaiDataset\ฌ12\12-020.jpg,ฌ
ThaiDataset\ฌ12\12-022.jpg,ฌ
ThaiDataset\ฌ12\12-023.jpg,ฌ
ThaiDataset\ฌ12\12-024.jpg,ฌ
ThaiDataset\ฌ12\12-025.jpg,ฌ
ThaiDataset\ฌ12\12-026.jpg,ฌ
ThaiDataset\ฌ12\12-027.jpg,ฌ
ThaiDataset\ญ13\13-001.jpg,ญ
ThaiDataset\ญ13\13-002.jpg,ญ
ThaiDataset\ญ13\13-003.jpg,ญ
ThaiDataset\ญ13\13-004.jpg,ญ
ThaiDataset\ญ13\13-005.jpg,ญ
ThaiDataset\ญ13\13-006.jpg,ญ
ThaiDataset\ญ13\13-007.jpg,ญ
ThaiDataset\ญ13\13-008.jpg,ญ
ThaiDataset\ญ13\13-009.jpg,ญ
ThaiDataset\ญ13\13-010.jpg,ญ
ThaiDataset\ญ13\13-011.jpg,ญ
ThaiDataset\ญ13\13-012.jpg,ญ
ThaiDataset\ญ13\13-013.jpg,ญ
ThaiDataset\ญ13\13-015.jpg,ญ
ThaiDataset\ญ13\13-018.jpg,ญ
ThaiDataset\ญ13\13-019.jpg,ญ
ThaiDataset\ญ13\13-020.jpg,ญ
ThaiDataset\ญ13\13-022.jpg,ญ
ThaiDataset\ญ13\13-023.jpg,ญ
ThaiDataset\ญ13\13-024.jpg,ญ
ThaiDataset\ญ13\13-025.jpg,ญ
ThaiDataset\ญ13\13-026.jpg,ญ
ThaiDataset\ญ13\13-027.jpg,ญ
ThaiDataset\ฎ14\14-001.jpg,ฎ
ThaiDataset\ฎ14\14-002.jpg,ฎ
ThaiDataset\ฎ14\14-003.jpg,ฎ
ThaiDataset\ฎ14\14-004.jpg,ฎ
ThaiDataset\ฎ14\14-005.jpg,ฎ
ThaiDataset\ฎ14\14-006.jpg,ฎ
ThaiDataset\ฎ14\14-007.jpg,ฎ
ThaiDataset\ฎ14\14-008.jpg,ฎ
ThaiDataset\ฎ14\14-009.jpg,ฎ
ThaiDataset\ฎ14\14-010.jpg,ฎ
ThaiDataset\ฎ14\14-012.jpg,ฎ
ThaiDataset\ฎ14\14-013.jpg,ฎ
ThaiDataset\ฎ14\14-014.jpg,ฎ
ThaiDataset\ฎ14\14-015.jpg,ฎ
ThaiDataset\ฎ14\14-017.jpg,ฎ
ThaiDataset\ฎ14\14-018.jpg,ฎ
ThaiDataset\ฎ14\14-019.jpg,ฎ
ThaiDataset\ฎ14\14-020.jpg,ฎ
ThaiDataset\ฎ14\14-021.jpg,ฎ
ThaiDataset\ฎ14\14-022.jpg,ฎ
ThaiDataset\ฎ14\14-023.jpg,ฎ
ThaiDataset\ฎ14\14-024.jpg,ฎ
ThaiDataset\ฎ14\14-025.jpg,ฎ
ThaiDataset\ฎ14\14-026.jpg,ฎ
ThaiDataset\ฎ14\14-027.jpg,ฎ
ThaiDataset\ฏ15\15-001.jpg,ฏ
ThaiDataset\ฏ15\15-002.jpg,ฏ
ThaiDataset\ฏ15\15-003.jpg,ฏ
ThaiDataset\ฏ15\15-004.jpg,ฏ
ThaiDataset\ฏ15\15-006.jpg,ฏ
ThaiDataset\ฏ15\15-007.jpg,ฏ
ThaiDataset\ฏ15\15-008.jpg,ฏ
ThaiDataset\ฏ15\15-009.jpg,ฏ
ThaiDataset\ฏ15\15-010.jpg,ฏ
ThaiDataset\ฏ15\15-012.jpg,ฏ
ThaiDataset\ฏ15\15-014.jpg,ฏ
ThaiDataset\ฏ15\15-015.jpg,ฏ
ThaiDataset\ฏ15\15-018.jpg,ฏ
ThaiDataset\ฏ15\15-019.jpg,ฏ
ThaiDataset\ฏ15\15-022.jpg,ฏ
ThaiDataset\ฏ15\15-023.jpg,ฏ
ThaiDataset\ฏ15\15-024.jpg,ฏ
ThaiDataset\ฏ15\15-025.jpg,ฏ
ThaiDataset\ฏ15\15-026.jpg,ฏ
ThaiDataset\ฏ15\15-027.jpg,ฏ
ThaiDataset\ฐ16\16-001.jpg,ฐ
ThaiDataset\ฐ16\16-002.jpg,ฐ
ThaiDataset\ฐ16\16-003.jpg,ฐ
ThaiDataset\ฐ16\16-004.jpg,ฐ
ThaiDataset\ฐ16\16-005.jpg,ฐ
ThaiDataset\ฐ16\16-006.jpg,ฐ
ThaiDataset\ฐ16\16-007.jpg,ฐ
ThaiDataset\ฐ16\16-008.jpg,ฐ
ThaiDataset\ฐ16\16-009.jpg,ฐ
ThaiDataset\ฐ16\16-010.jpg,ฐ
ThaiDataset\ฐ16\16-012.jpg,ฐ
ThaiDataset\ฐ16\16-013.jpg,ฐ
ThaiDataset\ฐ16\16-014.jpg,ฐ
ThaiDataset\ฐ16\16-015.jpg,ฐ
ThaiDataset\ฐ16\16-018.jpg,ฐ
ThaiDataset\ฐ16\16-019.jpg,ฐ
ThaiDataset\ฐ16\16-020.jpg,ฐ
ThaiDataset\ฐ16\16-021.jpg,ฐ
ThaiDataset\ฐ16\16-022.jpg,ฐ
ThaiDataset\ฐ16\16-023.jpg,ฐ
ThaiDataset\ฐ16\16-024.jpg,ฐ
ThaiDataset\ฐ16\16-025.jpg,ฐ
ThaiDataset\ฐ16\16-026.jpg,ฐ
ThaiDataset\ฐ16\16-027.jpg,ฐ
ThaiDataset\ฑ17\17-001.jpg,ฑ
ThaiDataset\ฑ17\17-002.jpg,ฑ
ThaiDataset\ฑ17\17-003.jpg,ฑ
ThaiDataset\ฑ17\17-004.jpg,ฑ
ThaiDataset\ฑ17\17-005.jpg,ฑ
ThaiDataset\ฑ17\17-006.jpg,ฑ
ThaiDataset\ฑ17\17-007.jpg,ฑ
ThaiDataset\ฑ17\17-008.jpg,ฑ
ThaiDataset\ฑ17\17-009.jpg,ฑ
ThaiDataset\ฑ17\17-010.jpg,ฑ
ThaiDataset\ฑ17\17-011.jpg,ฑ
ThaiDataset\ฑ17\17-012.jpg,ฑ
ThaiDataset\ฑ17\17-013.jpg,ฑ
ThaiDataset\ฑ17\17-014.jpg,ฑ
ThaiDataset\ฑ17\17-015.jpg,ฑ
ThaiDataset\ฑ17\17-016.jpg,ฑ
ThaiDataset\ฑ17\17-018.jpg,ฑ
ThaiDataset\ฑ17\17-019.jpg,ฑ
ThaiDataset\ฑ17\17-020.jpg,ฑ
ThaiDataset\ฑ17\17-021.jpg,ฑ
ThaiDataset\ฑ17\17-022.jpg,ฑ
ThaiDataset\ฑ17\17-023.jpg,ฑ
ThaiDataset\ฑ17\17-024.jpg,ฑ
ThaiDataset\ฑ17\17-025.jpg,ฑ
ThaiDataset\ฑ17\17-026.jpg,ฑ
ThaiDataset\ฑ17\17-027.jpg,ฑ
ThaiDataset\ฒ18\18-001.jpg,ฒ
ThaiDataset\ฒ18\18-002.jpg,ฒ
ThaiDataset\ฒ18\18-003.jpg,ฒ
ThaiDataset\ฒ18\18-004.jpg,ฒ
ThaiDataset\ฒ18\18-005.jpg,ฒ
ThaiDataset\ฒ18\18-006.jpg,ฒ
ThaiDataset\ฒ18\18-007.jpg,ฒ
ThaiDataset\ฒ18\18-008.jpg,ฒ
ThaiDataset\ฒ18\18-009.jpg,ฒ
ThaiDataset\ฒ18\18-010.jpg,ฒ
ThaiDataset\ฒ18\18-011.jpg,ฒ
ThaiDataset\ฒ18\18-012.jpg,ฒ
ThaiDataset\ฒ18\18-013.jpg,ฒ
ThaiDataset\ฒ18\18-014.jpg,ฒ
ThaiDataset\ฒ18\18-015.jpg,ฒ
ThaiDataset\ฒ18\18-016.jpg,ฒ
ThaiDataset\ฒ18\18-018.jpg,ฒ
ThaiDataset\ฒ18\18-019.jpg,ฒ
ThaiDataset\ฒ18\18-020.jpg,ฒ
ThaiDataset\ฒ18\18-021.jpg,ฒ
ThaiDataset\ฒ18\18-022.jpg,ฒ
ThaiDataset\ฒ18\18-023.jpg,ฒ
ThaiDataset\ฒ18\18-024.jpg,ฒ
ThaiDataset\ฒ18\18-025.jpg,ฒ
ThaiDataset\ฒ18\18-026.jpg,ฒ
ThaiDataset\ฒ18\18-027.jpg,ฒ
ThaiDataset\ณ19\19-001.jpg,ณ
ThaiDataset\ณ19\19-002.jpg,ณ
ThaiDataset\ณ19\19-003.jpg,ณ
ThaiDataset\ณ19\19-004.jpg,ณ
ThaiDataset\ณ19\19-005.jpg,ณ
ThaiDataset\ณ19\19-006.jpg,ณ
ThaiDataset\ณ19\19-007.jpg,ณ
ThaiDataset\ณ19\19-008.jpg,ณ
ThaiDataset\ณ19\19-009.jpg,ณ
ThaiDataset\ณ19\19-010.jpg,ณ
ThaiDataset\ณ19\19-011.jpg,ณ
ThaiDataset\ณ19\19-012.jpg,ณ
ThaiDataset\ณ19\19-013.jpg,ณ
ThaiDataset\ณ19\19-014.jpg,ณ
ThaiDataset\ณ19\19-015.jpg,ณ
ThaiDataset\ณ19\19-018.jpg,ณ
ThaiDataset\ณ19\19-019.jpg,ณ
ThaiDataset\ณ19\19-020.jpg,ณ
ThaiDataset\ณ19\19-021.jpg,ณ
ThaiDataset\ณ19\19-022.jpg,ณ
ThaiDataset\ณ19\19-023.jpg,ณ
ThaiDataset\ณ19\19-024.jpg,ณ
ThaiDataset\ณ19\19-025.jpg,ณ
ThaiDataset\ณ19\19-026.jpg,ณ
ThaiDataset\ณ19\19-027.jpg,ณ
ThaiDataset\ด20\20-001.jpg,ด
ThaiDataset\ด20\20-002.jpg,ด
ThaiDataset\ด20\20-003.jpg,ด
ThaiDataset\ด20\20-004.jpg,ด
ThaiDataset\ด20\20-005.jpg,ด
ThaiDataset\ด20\20-006.jpg,ด
ThaiDataset\ด20\20-007.jpg,ด
ThaiDataset\ด20\20-008.jpg,ด
ThaiDataset\ด20\20-009.jpg,ด
ThaiDataset\ด20\20-010.jpg,ด
ThaiDataset\ด20\20-011.jpg,ด
ThaiDataset\ด20\20-012.jpg,ด
ThaiDataset\ด20\20-013.jpg,ด
ThaiDataset\ด20\20-014.jpg,ด
ThaiDataset\ด20\20-015.jpg,ด
ThaiDataset\ด20\20-018.jpg,ด
ThaiDataset\ด20\20-019.jpg,ด
ThaiDataset\ด20\20-020.jpg,ด
ThaiDataset\ด20\20-022.jpg,ด
ThaiDataset\ด20\20-023.jpg,ด
ThaiDataset\ด20\20-024.jpg,ด
ThaiDataset\ด20\20-025.jpg,ด
ThaiDataset\ด20\20-026.jpg,ด
ThaiDataset\ด20\20-027.jpg,ด
ThaiDataset\ต21\21-001.jpg,ต
ThaiDataset\ต21\21-002.jpg,ต
ThaiDataset\ต21\21-003.jpg,ต
ThaiDataset\ต21\21-004.jpg,ต
ThaiDataset\ต21\21-005.jpg,ต
ThaiDataset\ต21\21-006.jpg,ต
ThaiDataset\ต21\21-007.jpg,ต
ThaiDataset\ต21\21-008.jpg,ต
ThaiDataset\ต21\21-009.jpg,ต
ThaiDataset\ต21\21-010.jpg,ต
ThaiDataset\ต21\21-011.jpg,ต
ThaiDataset\ต21\21-012.jpg,ต
ThaiDataset\ต21\21-013.jpg,ต
ThaiDataset\ต21\21-014.jpg,ต
ThaiDataset\ต21\21-015.jpg,ต
ThaiDataset\ต21\21-016.jpg,ต
ThaiDataset\ต21\21-017.jpg,ต
ThaiDataset\ต21\21-018.jpg,ต
ThaiDataset\ต21\21-019.jpg,ต
ThaiDataset\ต21\21-020.jpg,ต
ThaiDataset\ต21\21-021.jpg,ต
ThaiDataset\ต21\21-022.jpg,ต
ThaiDataset\ต21\21-023.jpg,ต
ThaiDataset\ต21\21-024.jpg,ต
ThaiDataset\ต21\21-025.jpg,ต
ThaiDataset\ต21\21-026.jpg,ต
ThaiDataset\ต21\21-027.jpg,ต
ThaiDataset\ถ22\22-001.jpg,ถ
ThaiDataset\ถ22\22-002.jpg,ถ
ThaiDataset\ถ22\22-003.jpg,ถ
ThaiDataset\ถ22\22-004.jpg,ถ
ThaiDataset\ถ22\22-005.jpg,ถ
ThaiDataset\ถ22\22-006.jpg,ถ
ThaiDataset\ถ22\22-007.jpg,ถ
ThaiDataset\ถ22\22-008.jpg,ถ
ThaiDataset\ถ22\22-009.jpg,ถ
ThaiDataset\ถ22\22-010.jpg,ถ
ThaiDataset\ถ22\22-011.jpg,ถ
ThaiDataset\ถ22\22-012.jpg,ถ
ThaiDataset\ถ22\22-013.jpg,ถ
ThaiDataset\ถ22\22-014.jpg,ถ
ThaiDataset\ถ22\22-015.jpg,ถ
ThaiDataset\ถ22\22-016.jpg,ถ
ThaiDataset\ถ22\22-017.jpg,ถ
ThaiDataset\ถ22\22-018.jpg,ถ
ThaiDataset\ถ22\22-019.jpg,ถ
ThaiDataset\ถ22\22-020.jpg,ถ
ThaiDataset\ถ22\22-021.jpg,ถ
ThaiDataset\ถ22\22-022.jpg,ถ
ThaiDataset\ถ22\22-023.jpg,ถ
ThaiDataset\ถ22\22-024.jpg,ถ
ThaiDataset\ถ22\22-025.jpg,ถ
ThaiDataset\ถ22\22-026.jpg,ถ
ThaiDataset\ถ22\22-027.jpg,ถ
ThaiDataset\ท23\23-001.jpg,ท
ThaiDataset\ท23\23-002.jpg,ท
ThaiDataset\ท23\23-003.jpg,ท
ThaiDataset\ท23\23-004.jpg,ท
ThaiDataset\ท23\23-005.jpg,ท
ThaiDataset\ท23\23-006.jpg,ท
ThaiDataset\ท23\23-007.jpg,ท
ThaiDataset\ท23\23-008.jpg,ท
ThaiDataset\ท23\23-009.jpg,ท
ThaiDataset\ท23\23-010.jpg,ท
ThaiDataset\ท23\23-011.jpg,ท
ThaiDataset\ท23\23-012.jpg,ท
ThaiDataset\ท23\23-013.jpg,ท
ThaiDataset\ท23\23-014.jpg,ท
ThaiDataset\ท23\23-015.jpg,ท
ThaiDataset\ท23\23-016.jpg,ท
ThaiDataset\ท23\23-017.jpg,ท
ThaiDataset\ท23\23-018.jpg,ท
ThaiDataset\ท23\23-019.jpg,ท
ThaiDataset\ท23\23-020.jpg,ท
ThaiDataset\ท23\23-021.jpg,ท
ThaiDataset\ท23\23-022.jpg,ท
ThaiDataset\ท23\23-023.jpg,ท
ThaiDataset\ท23\23-024.jpg,ท
ThaiDataset\ท23\23-025.jpg,ท
ThaiDataset\ท23\23-026.jpg,ท
ThaiDataset\ท23\23-027.jpg,ท
ThaiDataset\ธ24\24-001.jpg,ธ
ThaiDataset\ธ24\24-002.jpg,ธ
ThaiDataset\ธ24\24-003.jpg,ธ
ThaiDataset\ธ24\24-004.jpg,ธ
ThaiDataset\ธ24\24-005.jpg,ธ
ThaiDataset\ธ24\24-006.jpg,ธ
ThaiDataset\ธ24\24-007.jpg,ธ
ThaiDataset\ธ24\24-008.jpg,ธ
ThaiDataset\ธ24\24-009.jpg,ธ
ThaiDataset\ธ24\24-010.jpg,ธ
ThaiDataset\ธ24\24-011.jpg,ธ
ThaiDataset\ธ24\24-012.jpg,ธ
ThaiDataset\ธ24\24-013.jpg,ธ
ThaiDataset\ธ24\24-014.jpg,ธ
ThaiDataset\ธ24\24-015.jpg,ธ
ThaiDataset\ธ24\24-016.jpg,ธ
ThaiDataset\ธ24\24-018.jpg,ธ
ThaiDataset\ธ24\24-019.jpg,ธ
ThaiDataset\ธ24\24-020.jpg,ธ
ThaiDataset\ธ24\24-021.jpg,ธ
ThaiDataset\ธ24\24-022.jpg,ธ
ThaiDataset\ธ24\24-023.jpg,ธ
ThaiDataset\ธ24\24-024.jpg,ธ
ThaiDataset\ธ24\24-025.jpg,ธ
ThaiDataset\ธ24\24-026.jpg,ธ
ThaiDataset\ธ24\24-027.jpg,ธ
ThaiDataset\น25\25-001.jpg,น
ThaiDataset\น25\25-002.jpg,น
ThaiDataset\น25\25-003.jpg,น
ThaiDataset\น25\25-004.jpg,น
ThaiDataset\น25\25-005.jpg,น
ThaiDataset\น25\25-006.jpg,น
ThaiDataset\น25\25-007.jpg,น
ThaiDataset\น25\25-008.jpg,น
ThaiDataset\น25\25-009.jpg,น
ThaiDataset\น25\25-010.jpg,น
ThaiDataset\น25\25-011.jpg,น
ThaiDataset\น25\25-012.jpg,น
ThaiDataset\น25\25-013.jpg,น
ThaiDataset\น25\25-014.jpg,น
ThaiDataset\น25\25-015.jpg,น
ThaiDataset\น25\25-016.jpg,น
ThaiDataset\น25\25-018.jpg,น
ThaiDataset\น25\25-019.jpg,น
ThaiDataset\น25\25-020.jpg,น
ThaiDataset\น25\25-021.jpg,น
ThaiDataset\น25\25-022.jpg,น
ThaiDataset\น25\25-023.jpg,น
ThaiDataset\น25\25-024.jpg,น
ThaiDataset\น25\25-025.jpg,น
ThaiDataset\น25\25-026.jpg,น
ThaiDataset\น25\25-027.jpg,น
ThaiDataset\บ26\26-001.jpg,บ
ThaiDataset\บ26\26-002.jpg,บ
ThaiDataset\บ26\26-003.jpg,บ
ThaiDataset\บ26\26-004.jpg,บ
ThaiDataset\บ26\26-005.jpg,บ
ThaiDataset\บ26\26-006.jpg,บ
ThaiDataset\บ26\26-007.jpg,บ
ThaiDataset\บ26\26-008.jpg,บ
ThaiDataset\บ26\26-009.jpg,บ
ThaiDataset\บ26\26-010.jpg,บ
ThaiDataset\บ26\26-011.jpg,บ
ThaiDataset\บ26\26-012.jpg,บ
ThaiDataset\บ26\26-013.jpg,บ
ThaiDataset\บ26\26-014.jpg,บ
ThaiDataset\บ26\26-015.jpg,บ
ThaiDataset\บ26\26-016.jpg,บ
ThaiDataset\บ26\26-018.jpg,บ
ThaiDataset\บ26\26-019.jpg,บ
ThaiDataset\บ26\26-020.jpg,บ
ThaiDataset\บ26\26-021.jpg,บ
ThaiDataset\บ26\26-022.jpg,บ
ThaiDataset\บ26\26-023.jpg,บ
ThaiDataset\บ26\26-024.jpg,บ
ThaiDataset\บ26\26-025.jpg,บ
ThaiDataset\บ26\26-026.jpg,บ
ThaiDataset\บ26\26-027.jpg,บ
ThaiDataset\ป27\27-001.jpg,ป
ThaiDataset\ป27\27-002.jpg,ป
ThaiDataset\ป27\27-003.jpg,ป
ThaiDataset\ป27\27-004.jpg,ป
ThaiDataset\ป27\27-005.jpg,ป
ThaiDataset\ป27\27-006.jpg,ป
ThaiDataset\ป27\27-008.jpg,ป
ThaiDataset\ป27\27-009.jpg,ป
ThaiDataset\ป27\27-010.jpg,ป
ThaiDataset\ป27\27-011.jpg,ป
ThaiDataset\ป27\27-012.jpg,ป
ThaiDataset\ป27\27-014.jpg,ป
ThaiDataset\ป27\27-018.jpg,ป
ThaiDataset\ป27\27-019.jpg,ป
ThaiDataset\ป27\27-020.jpg,ป
ThaiDataset\ป27\27-025.jpg,ป
ThaiDataset\ป27\27-026.jpg,ป
ThaiDataset\ผ28\28-001.jpg,ผ
ThaiDataset\ผ28\28-002.jpg,ผ
ThaiDataset\ผ28\28-003.jpg,ผ
ThaiDataset\ผ28\28-004.jpg,ผ
ThaiDataset\ผ28\28-005.jpg,ผ
ThaiDataset\ผ28\28-006.jpg,ผ
ThaiDataset\ผ28\28-007.jpg,ผ
ThaiDataset\ผ28\28-008.jpg,ผ
ThaiDataset\ผ28\28-009.jpg,ผ
ThaiDataset\ผ28\28-010.jpg,ผ
ThaiDataset\ผ28\28-011.jpg,ผ
ThaiDataset\ผ28\28-012.jpg,ผ
ThaiDataset\ผ28\28-013.jpg,ผ
ThaiDataset\ผ28\28-014.jpg,ผ
ThaiDataset\ผ28\28-015.jpg,ผ
ThaiDataset\ผ28\28-018.jpg,ผ
ThaiDataset\ผ28\28-019.jpg,ผ
ThaiDataset\ผ28\28-020.jpg,ผ
ThaiDataset\ผ28\28-021.jpg,ผ
ThaiDataset\ผ28\28-022.jpg,ผ
ThaiDataset\ผ28\28-023.jpg,ผ
ThaiDataset\ผ28\28-024.jpg,ผ
ThaiDataset\ผ28\28-025.jpg,ผ
ThaiDataset\ผ28\28-026.jpg,ผ
ThaiDataset\ผ28\28-027.jpg,ผ
ThaiDataset\ฝ29\29-001.jpg,ฝ
ThaiDataset\ฝ29\29-002.jpg,ฝ
ThaiDataset\ฝ29\29-003.jpg,ฝ
ThaiDataset\ฝ29\29-004.jpg,ฝ
ThaiDataset\ฝ29\29-005.jpg,ฝ
ThaiDataset\ฝ29\29-006.jpg,ฝ
ThaiDataset\ฝ29\29-007.jpg,ฝ
ThaiDataset\ฝ29\29-008.jpg,ฝ
ThaiDataset\ฝ29\29-009.jpg,ฝ
ThaiDataset\ฝ29\29-010.jpg,ฝ
ThaiDataset\ฝ29\29-011.jpg,ฝ
ThaiDataset\ฝ29\29-012.jpg,ฝ
ThaiDataset\ฝ29\29-014.jpg,ฝ
ThaiDataset\ฝ29\29-018.jpg,ฝ
ThaiDataset\ฝ29\29-019.jpg,ฝ
ThaiDataset\ฝ29\29-020.jpg,ฝ
ThaiDataset\ฝ29\29-021.jpg,ฝ
ThaiDataset\ฝ29\29-022.jpg,ฝ
ThaiDataset\ฝ29\29-023.jpg,ฝ
ThaiDataset\ฝ29\29-025.jpg,ฝ
ThaiDataset\ฝ29\29-026.jpg,ฝ
ThaiDataset\พ30\30-001.jpg,พ
ThaiDataset\พ30\30-002.jpg,พ
ThaiDataset\พ30\30-003.jpg,พ
ThaiDataset\พ30\30-004.jpg,พ
ThaiDataset\พ30\30-005.jpg,พ
ThaiDataset\พ30\30-006.jpg,พ
ThaiDataset\พ30\30-007.jpg,พ
ThaiDataset\พ30\30-008.jpg,พ
ThaiDataset\พ30\30-010.jpg,พ
ThaiDataset\พ30\30-011.jpg,พ
ThaiDataset\พ30\30-012.jpg,พ
ThaiDataset\พ30\30-013.jpg,พ
ThaiDataset\พ30\30-014.jpg,พ
ThaiDataset\พ30\30-015.jpg,พ
ThaiDataset\พ30\30-016.jpg,พ
ThaiDataset\พ30\30-017.jpg,พ
ThaiDataset\พ30\30-018.jpg,พ
ThaiDataset\พ30\30-019.jpg,พ
ThaiDataset\พ30\30-020.jpg,พ
ThaiDataset\พ30\30-021.jpg,พ
ThaiDataset\พ30\30-022.jpg,พ
ThaiDataset\พ30\30-023.jpg,พ
ThaiDataset\พ30\30-024.jpg,พ
ThaiDataset\พ30\30-025.jpg,พ
ThaiDataset\พ30\30-026.jpg,พ
ThaiDataset\พ30\30-027.jpg,พ
ThaiDataset\ฟ31\30-009.jpg,ฟ
ThaiDataset\ฟ31\31-001.jpg,ฟ
ThaiDataset\ฟ31\31-002.jpg,ฟ
ThaiDataset\ฟ31\31-003.jpg,ฟ
ThaiDataset\ฟ31\31-004.jpg,ฟ
ThaiDataset\ฟ31\31-005.jpg,ฟ
ThaiDataset\ฟ31\31-006.jpg,ฟ
ThaiDataset\ฟ31\31-008.jpg,ฟ
ThaiDataset\ฟ31\31-009.jpg,ฟ
ThaiDataset\ฟ31\31-010.jpg,ฟ
ThaiDataset\ฟ31\31-011.jpg,ฟ
ThaiDataset\ฟ31\31-012.jpg,ฟ
ThaiDataset\ฟ31\31-014.jpg,ฟ
ThaiDataset\ฟ31\31-018.jpg,ฟ
ThaiDataset\ฟ31\31-019.jpg,ฟ
ThaiDataset\ฟ31\31-021.jpg,ฟ
ThaiDataset\ฟ31\31-023.jpg,ฟ
ThaiDataset\ฟ31\31-026.jpg,ฟ
ThaiDataset\ภ32\32-001.jpg,ภ
ThaiDataset\ภ32\32-002.jpg,ภ
ThaiDataset\ภ32\32-003.jpg,ภ
ThaiDataset\ภ32\32-004.jpg,ภ
ThaiDataset\ภ32\32-005.jpg,ภ
ThaiDataset\ภ32\32-006.jpg,ภ
ThaiDataset\ภ32\32-007.jpg,ภ
ThaiDataset\ภ32\32-008.jpg,ภ
ThaiDataset\ภ32\32-009.jpg,ภ
ThaiDataset\ภ32\32-010.jpg,ภ
ThaiDataset\ภ32\32-011.jpg,ภ
ThaiDataset\ภ32\32-012.jpg,ภ
ThaiDataset\ภ32\32-013.jpg,ภ
ThaiDataset\ภ32\32-014.jpg,ภ
ThaiDataset\ภ32\32-015.jpg,ภ
ThaiDataset\ภ32\32-016.jpg,ภ
ThaiDataset\ภ32\32-018.jpg,ภ
ThaiDataset\ภ32\32-019.jpg,ภ
ThaiDataset\ภ32\32-020.jpg,ภ
ThaiDataset\ภ32\32-021.jpg,ภ
ThaiDataset\ภ32\32-022.jpg,ภ
ThaiDataset\ภ32\32-023.jpg,ภ
ThaiDataset\ภ32\32-024.jpg,ภ
ThaiDataset\ภ32\32-025.jpg,ภ
ThaiDataset\ภ32\32-026.jpg,ภ
ThaiDataset\ภ32\32-027.jpg,ภ
ThaiDataset\ม33\33-001.jpg,ม
ThaiDataset\ม33\33-002.jpg,ม
ThaiDataset\ม33\33-003.jpg,ม
ThaiDataset\ม33\33-004.jpg,ม
ThaiDataset\ม33\33-005.jpg,ม
ThaiDataset\ม33\33-006.jpg,ม
ThaiDataset\ม33\33-007.jpg,ม
ThaiDataset\ม33\33-008.jpg,ม
ThaiDataset\ม33\33-009.jpg,ม
ThaiDataset\ม33\33-010.jpg,ม
ThaiDataset\ม33\33-011.jpg,ม
ThaiDataset\ม33\33-012.jpg,ม
ThaiDataset\ม33\33-013.jpg,ม
ThaiDataset\ม33\33-014.jpg,ม
ThaiDataset\ม33\33-015.jpg,ม
ThaiDataset\ม33\33-016.jpg,ม
ThaiDataset\ม33\33-018.jpg,ม
ThaiDataset\ม33\33-019.jpg,ม
ThaiDataset\ม33\33-020.jpg,ม
ThaiDataset\ม33\33-021.jpg,ม
ThaiDataset\ม33\33-022.jpg,ม
ThaiDataset\ม33\33-023.jpg,ม
ThaiDataset\ม33\33-024.jpg,ม
ThaiDataset\ม33\33-025.jpg,ม
ThaiDataset\ม33\33-026.jpg,ม
ThaiDataset\ม33\33-027.jpg,ม
ThaiDataset\ย34\34-001.jpg,ย
ThaiDataset\ย34\34-002.jpg,ย
ThaiDataset\ย34\34-003.jpg,ย
ThaiDataset\ย34\34-004.jpg,ย
ThaiDataset\ย34\34-005.jpg,ย
ThaiDataset\ย34\34-006.jpg,ย
ThaiDataset\ย34\34-007.jpg,ย
ThaiDataset\ย34\34-008.jpg,ย
ThaiDataset\ย34\34-009.jpg,ย
ThaiDataset\ย34\34-010.jpg,ย
ThaiDataset\ย34\34-011.jpg,ย
ThaiDataset\ย34\34-012.jpg,ย
ThaiDataset\ย34\34-013.jpg,ย
ThaiDataset\ย34\34-014.jpg,ย
ThaiDataset\ย34\34-015.jpg,ย
ThaiDataset\ย34\34-018.jpg,ย
ThaiDataset\ย34\34-019.jpg,ย
ThaiDataset\ย34\34-020.jpg,ย
ThaiDataset\ย34\34-021.jpg,ย
ThaiDataset\ย34\34-022.jpg,ย
ThaiDataset\ย34\34-023.jpg,ย
ThaiDataset\ย34\34-024.jpg,ย
ThaiDataset\ย34\34-025.jpg,ย
ThaiDataset\ย34\34-026.jpg,ย
ThaiDataset\ย34\34-027.jpg,ย
ThaiDataset\ร35\35-001.jpg,ร
ThaiDataset\ร35\35-002.jpg,ร
ThaiDataset\ร35\35-003.jpg,ร
ThaiDataset\ร35\35-004.jpg,ร
ThaiDataset\ร35\35-005.jpg,ร
ThaiDataset\ร35\35-006.jpg,ร
ThaiDataset\ร35\35-007.jpg,ร
ThaiDataset\ร35\35-008.jpg,ร
ThaiDataset\ร35\35-009.jpg,ร
ThaiDataset\ร35\35-010.jpg,ร
ThaiDataset\ร35\35-011.jpg,ร
ThaiDataset\ร35\35-012.jpg,ร
ThaiDataset\ร35\35-013.jpg,ร
ThaiDataset\ร35\35-014.jpg,ร
ThaiDataset\ร35\35-015.jpg,ร
ThaiDataset\ร35\35-018.jpg,ร
ThaiDataset\ร35\35-019.jpg,ร
ThaiDataset\ร35\35-020.jpg,ร
ThaiDataset\ร35\35-021.jpg,ร
ThaiDataset\ร35\35-022.jpg,ร
ThaiDataset\ร35\35-023.jpg,ร
ThaiDataset\ร35\35-024.jpg,ร
ThaiDataset\ร35\35-025.jpg,ร
ThaiDataset\ร35\35-026.jpg,ร
ThaiDataset\ร35\35-027.jpg,ร
ThaiDataset\ล36\36-001.jpg,ล
ThaiDataset\ล36\36-002.jpg,ล
ThaiDataset\ล36\36-003.jpg,ล
ThaiDataset\ล36\36-004.jpg,ล
ThaiDataset\ล36\36-005.jpg,ล
ThaiDataset\ล36\36-006.jpg,ล
ThaiDataset\ล36\36-007.jpg,ล
ThaiDataset\ล36\36-008.jpg,ล
ThaiDataset\ล36\36-009.jpg,ล
ThaiDataset\ล36\36-010.jpg,ล
ThaiDataset\ล36\36-011.jpg,ล
ThaiDataset\ล36\36-012.jpg,ล
ThaiDataset\ล36\36-013.jpg,ล
ThaiDataset\ล36\36-014.jpg,ล
ThaiDataset\ล36\36-015.jpg,ล
ThaiDataset\ล36\36-018.jpg,ล
ThaiDataset\ล36\36-019.jpg,ล
ThaiDataset\ล36\36-020.jpg,ล
ThaiDataset\ล36\36-021.jpg,ล
ThaiDataset\ล36\36-022.jpg,ล
ThaiDataset\ล36\36-023.jpg,ล
ThaiDataset\ล36\36-024.jpg,ล
ThaiDataset\ล36\36-025.jpg,ล
ThaiDataset\ล36\36-026.jpg,ล
ThaiDataset\ล36\36-027.jpg,ล
ThaiDataset\ว37\37-001.jpg,ว
ThaiDataset\ว37\37-002.jpg,ว
ThaiDataset\ว37\37-003.jpg,ว
ThaiDataset\ว37\37-004.jpg,ว
ThaiDataset\ว37\37-005.jpg,ว
ThaiDataset\ว37\37-006.jpg,ว
ThaiDataset\ว37\37-007.jpg,ว
ThaiDataset\ว37\37-008.jpg,ว
ThaiDataset\ว37\37-009.jpg,ว
ThaiDataset\ว37\37-010.jpg,ว
ThaiDataset\ว37\37-011.jpg,ว
ThaiDataset\ว37\37-012.jpg,ว
ThaiDataset\ว37\37-013.jpg,ว
ThaiDataset\ว37\37-014.jpg,ว
ThaiDataset\ว37\37-015.jpg,ว
ThaiDataset\ว37\37-016.jpg,ว
ThaiDataset\ว37\37-018.jpg,ว
ThaiDataset\ว37\37-019.jpg,ว
ThaiDataset\ว37\37-020.jpg,ว
ThaiDataset\ว37\37-021.jpg,ว
ThaiDataset\ว37\37-022.jpg,ว
ThaiDataset\ว37\37-023.jpg,ว
ThaiDataset\ว37\37-024.jpg,ว
ThaiDataset\ว37\37-025.jpg,ว
ThaiDataset\ว37\37-026.jpg,ว
ThaiDataset\ว37\37-027.jpg,ว
ThaiDataset\ศ38\38-001.jpg,ศ
ThaiDataset\ศ38\38-002.jpg,ศ
ThaiDataset\ศ38\38-003.jpg,ศ
ThaiDataset\ศ38\38-004.jpg,ศ
ThaiDataset\ศ38\38-005.jpg,ศ
ThaiDataset\ศ38\38-006.jpg,ศ
ThaiDataset\ศ38\38-007.jpg,ศ
ThaiDataset\ศ38\38-008.jpg,ศ
ThaiDataset\ศ38\38-009.jpg,ศ
ThaiDataset\ศ38\38-010.jpg,ศ
ThaiDataset\ศ38\38-011.jpg,ศ
ThaiDataset\ศ38\38-012.jpg,ศ
ThaiDataset\ศ38\38-013.jpg,ศ
ThaiDataset\ศ38\38-014.jpg,ศ
ThaiDataset\ศ38\38-018.jpg,ศ
ThaiDataset\ศ38\38-019.jpg,ศ
ThaiDataset\ศ38\38-020.jpg,ศ
ThaiDataset\ศ38\38-021.jpg,ศ
ThaiDataset\ศ38\38-022.jpg,ศ
ThaiDataset\ศ38\38-025.jpg,ศ
ThaiDataset\ศ38\38-026.jpg,ศ
ThaiDataset\ษ39\39-001.jpg,ษ
ThaiDataset\ษ39\39-002.jpg,ษ
ThaiDataset\ษ39\39-003.jpg,ษ
ThaiDataset\ษ39\39-004.jpg,ษ
ThaiDataset\ษ39\39-005.jpg,ษ
ThaiDataset\ษ39\39-006.jpg,ษ
ThaiDataset\ษ39\39-007.jpg,ษ
ThaiDataset\ษ39\39-008.jpg,ษ
ThaiDataset\ษ39\39-009.jpg,ษ
ThaiDataset\ษ39\39-010.jpg,ษ
ThaiDataset\ษ39\39-011.jpg,ษ
ThaiDataset\ษ39\39-012.jpg,ษ
ThaiDataset\ษ39\39-013.jpg,ษ
ThaiDataset\ษ39\39-014.jpg,ษ
ThaiDataset\ษ39\39-017.jpg,ษ
ThaiDataset\ษ39\39-018.jpg,ษ
ThaiDataset\ษ39\39-019.jpg,ษ
ThaiDataset\ษ39\39-020.jpg,ษ
ThaiDataset\ษ39\39-021.jpg,ษ
ThaiDataset\ษ39\39-022.jpg,ษ
ThaiDataset\ษ39\39-023.jpg,ษ
ThaiDataset\ษ39\39-024.jpg,ษ
ThaiDataset\ษ39\39-025.jpg,ษ
ThaiDataset\ษ39\39-026.jpg,ษ
ThaiDataset\ษ39\39-027.jpg,ษ
ThaiDataset\ส40\40-001.jpg,ส
ThaiDataset\ส40\40-002.jpg,ส
ThaiDataset\ส40\40-003.jpg,ส
ThaiDataset\ส40\40-004.jpg,ส
ThaiDataset\ส40\40-005.jpg,ส
ThaiDataset\ส40\40-006.jpg,ส
ThaiDataset\ส40\40-007.jpg,ส
ThaiDataset\ส40\40-008.jpg,ส
ThaiDataset\ส40\40-009.jpg,ส
ThaiDataset\ส40\40-010.jpg,ส
ThaiDataset\ส40\40-011.jpg,ส
ThaiDataset\ส40\40-012.jpg,ส
ThaiDataset\ส40\40-014.jpg,ส
ThaiDataset\ส40\40-018.jpg,ส
ThaiDataset\ส40\40-019.jpg,ส
ThaiDataset\ส40\40-020.jpg,ส
ThaiDataset\ส40\40-021.jpg,ส
ThaiDataset\ส40\40-022.jpg,ส
ThaiDataset\ส40\40-023.jpg,ส
ThaiDataset\ส40\40-024.jpg,ส
ThaiDataset\ส40\40-025.jpg,ส
ThaiDataset\ส40\40-026.jpg,ส
ThaiDataset\ส40\40-027.jpg,ส
ThaiDataset\ห41\41-001.jpg,ห
ThaiDataset\ห41\41-002.jpg,ห
ThaiDataset\ห41\41-003.jpg,ห
ThaiDataset\ห41\41-004.jpg,ห
ThaiDataset\ห41\41-005.jpg,ห
ThaiDataset\ห41\41-006.jpg,ห
ThaiDataset\ห41\41-007.jpg,ห
ThaiDataset\ห41\41-008.jpg,ห
ThaiDataset\ห41\41-009.jpg,ห
ThaiDataset\ห41\41-010.jpg,ห
ThaiDataset\ห41\41-011.jpg,ห
ThaiDataset\ห41\41-012.jpg,ห
ThaiDataset\ห41\41-013.jpg,ห
ThaiDataset\ห41\41-014.jpg,ห
ThaiDataset\ห41\41-015.jpg,ห
ThaiDataset\ห41\41-016.jpg,ห
ThaiDataset\ห41\41-017.jpg,ห
ThaiDataset\ห41\41-018.jpg,ห
ThaiDataset\ห41\41-019.jpg,ห
ThaiDataset\ห41\41-020.jpg,ห
ThaiDataset\ห41\41-021.jpg,ห
ThaiDataset\ห41\41-022.jpg,ห
ThaiDataset\ห41\41-023.jpg,ห
ThaiDataset\ห41\41-024.jpg,ห
ThaiDataset\ห41\41-025.jpg,ห
ThaiDataset\ห41\41-026.jpg,ห
ThaiDataset\ห41\41-027.jpg,ห
ThaiDataset\ฬ42\42-001.jpg,ฬ
ThaiDataset\ฬ42\42-002.jpg,ฬ
ThaiDataset\ฬ42\42-003.jpg,ฬ
ThaiDataset\ฬ42\42-004.jpg,ฬ
ThaiDataset\ฬ42\42-005.jpg,ฬ
ThaiDataset\ฬ42\42-006.jpg,ฬ
ThaiDataset\ฬ42\42-007.jpg,ฬ
ThaiDataset\ฬ42\42-008.jpg,ฬ
ThaiDataset\ฬ42\42-009.jpg,ฬ
ThaiDataset\ฬ42\42-010.jpg,ฬ
ThaiDataset\ฬ42\42-011.jpg,ฬ
ThaiDataset\ฬ42\42-012.jpg,ฬ
ThaiDataset\ฬ42\42-013.jpg,ฬ
ThaiDataset\ฬ42\42-014.jpg,ฬ
ThaiDataset\ฬ42\42-016.jpg,ฬ
ThaiDataset\ฬ42\42-017.jpg,ฬ
ThaiDataset\ฬ42\42-018.jpg,ฬ
ThaiDataset\ฬ42\42-019.jpg,ฬ
ThaiDataset\ฬ42\42-020.jpg,ฬ
ThaiDataset\ฬ42\42-021.jpg,ฬ
ThaiDataset\ฬ42\42-022.jpg,ฬ
ThaiDataset\ฬ42\42-024.jpg,ฬ
ThaiDataset\ฬ42\42-025.jpg,ฬ
ThaiDataset\ฬ42\42-026.jpg,ฬ
ThaiDataset\ฬ42\42-027.jpg,ฬ
ThaiDataset\อ43\43-001.jpg,อ
ThaiDataset\อ43\43-002.jpg,อ
ThaiDataset\อ43\43-003.jpg,อ
ThaiDataset\อ43\43-004.jpg,อ
ThaiDataset\อ43\43-005.jpg,อ
ThaiDataset\อ43\43-006.jpg,อ
ThaiDataset\อ43\43-007.jpg,อ
ThaiDataset\อ43\43-008.jpg,อ
ThaiDataset\อ43\43-009.jpg,อ
ThaiDataset\อ43\43-010.jpg,อ
ThaiDataset\อ43\43-011.jpg,อ
ThaiDataset\อ43\43-012.jpg,อ
ThaiDataset\อ43\43-013.jpg,อ
ThaiDataset\อ43\43-014.jpg,อ
ThaiDataset\อ43\43-015.jpg,อ
ThaiDataset\อ43\43-016.jpg,อ
ThaiDataset\อ43\43-018.jpg,อ
ThaiDataset\อ43\43-019.jpg,อ
ThaiDataset\อ43\43-020.jpg,อ
ThaiDataset\อ43\43-022.jpg,อ
ThaiDataset\อ43\43-023.jpg,อ
ThaiDataset\อ43\43-024.jpg,อ
ThaiDataset\อ43\43-025.jpg,อ
ThaiDataset\อ43\43-026.jpg,อ
ThaiDataset\อ43\43-027.jpg,อ
ThaiDataset\ฮ44\44-001.jpg,ฮ
ThaiDataset\ฮ44\44-002.jpg,ฮ
ThaiDataset\ฮ44\44-003.jpg,ฮ
ThaiDataset\ฮ44\44-004.jpg,ฮ
ThaiDataset\ฮ44\44-005.jpg,ฮ
ThaiDataset\ฮ44\44-006.jpg,ฮ
ThaiDataset\ฮ44\44-007.jpg,ฮ
ThaiDataset\ฮ44\44-008.jpg,ฮ
ThaiDataset\ฮ44\44-009.jpg,ฮ
ThaiDataset\ฮ44\44-010.jpg,ฮ
ThaiDataset\ฮ44\44-011.jpg,ฮ
ThaiDataset\ฮ44\44-012.jpg,ฮ
ThaiDataset\ฮ44\44-013.jpg,ฮ
ThaiDataset\ฮ44\44-014.jpg,ฮ
ThaiDataset\ฮ44\44-015.jpg,ฮ
ThaiDataset\ฮ44\44-018.jpg,ฮ
ThaiDataset\ฮ44\44-019.jpg,ฮ
ThaiDataset\ฮ44\44-020.jpg,ฮ
ThaiDataset\ฮ44\44-022.jpg,ฮ
ThaiDataset\ฮ44\44-023.jpg,ฮ
ThaiDataset\ฮ44\44-024.jpg,ฮ
ThaiDataset\ฮ44\44-025.jpg,ฮ
ThaiDataset\ฮ44\44-026.jpg,ฮ
